{
  "historico": [],
  "dia_actual": {
    "2026-01-17": {
      "tavily": {
        "requests": 237,
        "creditos": 237,
        "costo": 0.23700000000000018
      },
      "firecrawl": {
        "requests": 52,
        "creditos": 52,
        "costo": 0.5200000000000002
      },
      "google_search": {
        "requests": 74,
        "creditos": 74,
        "costo": 0.3700000000000002
      },
      "google_places": {
        "requests": 16,
        "creditos": 16,
        "costo": 0.27200000000000013
      }
    }
  },
  "mes_actual": {
    "2026-01": {
      "tavily": {
        "requests": 237,
        "creditos": 237,
        "costo": 0.23700000000000018
      },
      "firecrawl": {
        "requests": 52,
        "creditos": 52,
        "costo": 0.5200000000000002
      },
      "google_search": {
        "requests": 74,
        "creditos": 74,
        "costo": 0.3700000000000002
      },
      "google_places": {
        "requests": 16,
        "creditos": 16,
        "costo": 0.27200000000000013
      }
    }
  },
  "totales": {
    "tavily": {
      "requests": 237,
      "creditos": 237,
      "costo": 0.23700000000000018
    },
    "firecrawl": {
      "requests": 52,
      "creditos": 52,
      "costo": 0.5200000000000002
    },
    "google_search": {
      "requests": 74,
      "creditos": 74,
      "costo": 0.3700000000000002
    },
    "google_places": {
      "requests": 16,
      "creditos": 16,
      "costo": 0.27200000000000013
    }
  }
}