{
  "historico": [],
  "dia_actual": {
    "2026-01-17": {
      "tavily": {
        "requests": 222,
        "creditos": 222,
        "costo": 0.22200000000000017
      },
      "firecrawl": {
        "requests": 52,
        "creditos": 52,
        "costo": 0.5200000000000002
      },
      "google_search": {
        "requests": 50,
        "creditos": 50,
        "costo": 0.2500000000000001
      },
      "google_places": {
        "requests": 11,
        "creditos": 11,
        "costo": 0.18700000000000006
      }
    }
  },
  "mes_actual": {
    "2026-01": {
      "tavily": {
        "requests": 222,
        "creditos": 222,
        "costo": 0.22200000000000017
      },
      "firecrawl": {
        "requests": 52,
        "creditos": 52,
        "costo": 0.5200000000000002
      },
      "google_search": {
        "requests": 50,
        "creditos": 50,
        "costo": 0.2500000000000001
      },
      "google_places": {
        "requests": 11,
        "creditos": 11,
        "costo": 0.18700000000000006
      }
    }
  },
  "totales": {
    "tavily": {
      "requests": 222,
      "creditos": 222,
      "costo": 0.22200000000000017
    },
    "firecrawl": {
      "requests": 52,
      "creditos": 52,
      "costo": 0.5200000000000002
    },
    "google_search": {
      "requests": 50,
      "creditos": 50,
      "costo": 0.2500000000000001
    },
    "google_places": {
      "requests": 11,
      "creditos": 11,
      "costo": 0.18700000000000006
    }
  }
}