{
  "historico": [],
  "dia_actual": {
    "2026-01-17": {
      "tavily": {
        "requests": 204,
        "creditos": 204,
        "costo": 0.20400000000000015
      },
      "firecrawl": {
        "requests": 36,
        "creditos": 36,
        "costo": 0.36000000000000015
      },
      "google_search": {
        "requests": 20,
        "creditos": 20,
        "costo": 0.10000000000000002
      },
      "google_places": {
        "requests": 5,
        "creditos": 5,
        "costo": 0.085
      }
    }
  },
  "mes_actual": {
    "2026-01": {
      "tavily": {
        "requests": 204,
        "creditos": 204,
        "costo": 0.20400000000000015
      },
      "firecrawl": {
        "requests": 36,
        "creditos": 36,
        "costo": 0.36000000000000015
      },
      "google_search": {
        "requests": 20,
        "creditos": 20,
        "costo": 0.10000000000000002
      },
      "google_places": {
        "requests": 5,
        "creditos": 5,
        "costo": 0.085
      }
    }
  },
  "totales": {
    "tavily": {
      "requests": 204,
      "creditos": 204,
      "costo": 0.20400000000000015
    },
    "firecrawl": {
      "requests": 36,
      "creditos": 36,
      "costo": 0.36000000000000015
    },
    "google_search": {
      "requests": 20,
      "creditos": 20,
      "costo": 0.10000000000000002
    },
    "google_places": {
      "requests": 5,
      "creditos": 5,
      "costo": 0.085
    }
  }
}