{
  "historico": [],
  "dia_actual": {
    "2026-01-17": {
      "tavily": {
        "requests": 216,
        "creditos": 216,
        "costo": 0.21600000000000016
      },
      "firecrawl": {
        "requests": 52,
        "creditos": 52,
        "costo": 0.5200000000000002
      },
      "google_search": {
        "requests": 40,
        "creditos": 40,
        "costo": 0.2000000000000001
      },
      "google_places": {
        "requests": 9,
        "creditos": 9,
        "costo": 0.15300000000000002
      }
    }
  },
  "mes_actual": {
    "2026-01": {
      "tavily": {
        "requests": 216,
        "creditos": 216,
        "costo": 0.21600000000000016
      },
      "firecrawl": {
        "requests": 52,
        "creditos": 52,
        "costo": 0.5200000000000002
      },
      "google_search": {
        "requests": 40,
        "creditos": 40,
        "costo": 0.2000000000000001
      },
      "google_places": {
        "requests": 9,
        "creditos": 9,
        "costo": 0.15300000000000002
      }
    }
  },
  "totales": {
    "tavily": {
      "requests": 216,
      "creditos": 216,
      "costo": 0.21600000000000016
    },
    "firecrawl": {
      "requests": 52,
      "creditos": 52,
      "costo": 0.5200000000000002
    },
    "google_search": {
      "requests": 40,
      "creditos": 40,
      "costo": 0.2000000000000001
    },
    "google_places": {
      "requests": 9,
      "creditos": 9,
      "costo": 0.15300000000000002
    }
  }
}