{
  "historico": [],
  "dia_actual": {
    "2026-01-17": {
      "tavily": {
        "requests": 210,
        "creditos": 210,
        "costo": 0.21000000000000016
      },
      "firecrawl": {
        "requests": 47,
        "creditos": 47,
        "costo": 0.47000000000000025
      },
      "google_search": {
        "requests": 30,
        "creditos": 30,
        "costo": 0.15000000000000005
      },
      "google_places": {
        "requests": 7,
        "creditos": 7,
        "costo": 0.11900000000000001
      }
    }
  },
  "mes_actual": {
    "2026-01": {
      "tavily": {
        "requests": 210,
        "creditos": 210,
        "costo": 0.21000000000000016
      },
      "firecrawl": {
        "requests": 47,
        "creditos": 47,
        "costo": 0.47000000000000025
      },
      "google_search": {
        "requests": 30,
        "creditos": 30,
        "costo": 0.15000000000000005
      },
      "google_places": {
        "requests": 7,
        "creditos": 7,
        "costo": 0.11900000000000001
      }
    }
  },
  "totales": {
    "tavily": {
      "requests": 210,
      "creditos": 210,
      "costo": 0.21000000000000016
    },
    "firecrawl": {
      "requests": 47,
      "creditos": 47,
      "costo": 0.47000000000000025
    },
    "google_search": {
      "requests": 30,
      "creditos": 30,
      "costo": 0.15000000000000005
    },
    "google_places": {
      "requests": 7,
      "creditos": 7,
      "costo": 0.11900000000000001
    }
  }
}